{"sections":{"hero":{"type":"collection-hero","settings":{"text_align":"align--middle-center","show_title":true,"show_title_below":false,"show_description":true,"show_description_below":false,"color_bg":"palette--light bg--neutral","show_image":false,"bg_position":"center-center","image_height":"use_screen_one_fifth","overlay_opacity":0,"overlay_color":"#000000","enable_overlay_text":false,"text_color":"text--black","width":"wrapper--none","padding_top":0,"padding_bottom":0,"width_text":"wrapper","padding_top_text":36,"padding_bottom_text":0}},"subcollections":{"type":"collection-sub","disabled":true,"settings":{"subcollections":[],"limit":6,"color_bg":"palette--light bg--neutral","text_color":"text--white","text_align":"align--middle-center","select_image":"collection","bg_position":"center-center","wh_ratio":1.7,"overlay_opacity":20,"overlay_color":"#000000","grid_mobile":1.2,"width":"wrapper","padding_top":20,"padding_bottom":0}},"main":{"type":"collection","blocks":{"collections":{"type":"collections","disabled":true,"settings":{"title":"Filter"}},"filters":{"type":"filters","disabled":true,"settings":{}}},"block_order":["collections","filters"],"settings":{"product_limit":36,"grid_large":3,"grid_mobile":"2","enable_layout_toggle":false,"color_bg":"palette--light bg--neutral","collection_sorting":false,"hide_sidebar":false,"collapse_filters":false,"show_products_count":false,"width":"wrapper","padding_top":20,"padding_bottom":64}}},"order":["hero","subcollections","main"]}