{"sections":{"hero":{"type":"collection-hero","settings":{"text_align":"align--top-center","show_title":false,"show_title_below":false,"show_description":false,"show_description_below":false,"show_image":false,"bg_position":"center-center","image_height":"use_screen_one_third","overlay_opacity":0,"overlay_color":"#000000","text_color":"text--white"}},"subcollections":{"type":"collection-sub","disabled":true,"settings":{"text_color":"text--white","text_align":"align--middle-center","select_image":"collection","bg_position":"center-center","overlay_opacity":20,"overlay_color":"#000000"}},"165373092681e037fa":{"type":"section-newsletter","settings":{"title":"COMING SOON","richtext":"<p><\/p><p>Our Picnic range is completely sold out. But new designs are coming very soon. Sign up below to be one of the first to know when the new products are released<\/p>","bg":"palette--dark bg--invert"}},"main":{"type":"collection","blocks":{"collections":{"type":"collections","disabled":true,"settings":{"title":"Filter"}},"filters":{"type":"filters","disabled":true,"settings":{}}},"block_order":["collections","filters"],"settings":{"product_limit":36,"enable_layout_toggle":false,"collection_sorting":false,"hide_sidebar":false}}},"order":["hero","subcollections","165373092681e037fa","main"]}