{"sections":{"hero":{"type":"section-hero","blocks":{"countdown_fNUT43":{"type":"countdown","disabled":true,"settings":{"end_date":"2024-03-31","end_time":"11:59","period":"am","end_message":"Offer has expired","hide_on_complete":false,"digit_size":8,"digit_size_mobile":6}},"heading_nBaUjP":{"type":"heading","settings":{"title":"the new casual","text_size":8}},"button_RjAXzR":{"type":"button","settings":{"link_text_1":"SHOP NOW","link_1":"shopify:\/\/collections\/cloud-collection","button_size_1":"btn--large","button_style_1":"btn--outline","button_color_1":"btn--white","link_text_2":"","link_2":"","button_size_2":"btn--long","button_style_2":"btn-text-thick-line","button_color_2":"btn--white","link_text_3":"","link_3":"","button_size_3":"btn--long","button_style_3":"btn-text-thick-line","button_color_3":"btn--white"}}},"block_order":["countdown_fNUT43","heading_nBaUjP","button_RjAXzR"],"settings":{"image":"shopify:\/\/shop_images\/Shopify_-_Cloud_-_web_banner3_e508a74f-f4d9-4f9c-9be3-2efcadf2fda6.jpg","mobile_image":"shopify:\/\/shop_images\/Cloud_Beauty_Base_Bleu_015.jpg","height":"use_image","overlay_opacity":0,"overlay_color":"#191008","enable_overlay_text":false,"preload_image":false,"content_width":2000,"text_align":"align--middle-center","text_color":"text--white","color_bg":"hero__content--transparent","width":"wrapper--none","padding_top":0,"padding_bottom":0}},"section_richtext_hPmywH":{"type":"section-richtext","blocks":{"kicker_NRA6xH":{"type":"kicker","settings":{"kicker":"","enable_line":false,"text_size":4}},"button_xqYYUg":{"type":"button","disabled":true,"settings":{"link_text_1":"Shop all","link_1":"shopify:\/\/collections\/all","button_size_1":"btn--medium","button_style_1":"btn-text-thick-line","button_color_1":"btn--neutral","link_text_2":"","link_2":"","button_size_2":"btn--medium","button_style_2":"btn-text-thick-line","button_color_2":"btn--neutral","link_text_3":"","link_3":"","button_size_3":"btn--long","button_style_3":"btn-text-thick-line","button_color_3":"btn--white"}}},"block_order":["kicker_NRA6xH","button_xqYYUg"],"settings":{"align_text":"text-center","text_color":"text--neutral","bg":"palette--light bg--neutral","content_width":2000,"width":"wrapper","padding_top":20,"padding_bottom":26}},"165328018555322abb":{"type":"section-collection","disabled":true,"settings":{"title":"Our best sellers","collection":"best-sellers","grid":3,"rows":2,"grid_mobile":"2","bg":"palette--light bg--neutral","show_view_all":false,"width":"wrapper","padding_top":36,"padding_bottom":36}},"section_collection_slider_gkJ8Nw":{"type":"section-collection-slider","settings":{"collection":"best-sellers","product_limit":14,"title":"TOP PICKS","align_text":"title-center","progress_bar":"both","grid_large":4,"grid_medium":2,"grid_mobile":2,"bg":"palette--light bg--neutral","width":"wrapper--full","padding_top":0,"padding_bottom":0}},"section_list_collections_FcMg9H":{"type":"section-list-collections","blocks":{"collection_VgB6Pa":{"type":"collection","settings":{"collection":"cosy-collection","image":"shopify:\/\/shop_images\/240314_Base_Lifestyle_1186_copy.jpg","overlay_color":"#000000","overlay_opacity":0,"top_text":"","top_text_disabled":false,"title":"cosy totes","title_disabled":false,"bottom_text":"SHOP NOW","bottom_text_disabled":false,"collection_url":"shopify:\/\/collections\/cosy-collection","text_color":"text--white"}},"collection_XqLdyd":{"type":"collection","settings":{"collection":"toiletry","image":"shopify:\/\/shop_images\/240314_Base_Lifestyle_653_copy.jpg","overlay_color":"#000000","overlay_opacity":5,"top_text":"","top_text_disabled":true,"title":"cosmetic pouches","title_disabled":false,"bottom_text":"SHOP NOW","bottom_text_disabled":false,"collection_url":"https:\/\/basesupply.co\/collections\/toiletry","text_color":"text--white"}},"collection_X9aKE4":{"type":"collection","settings":{"collection":"totes","image":"shopify:\/\/shop_images\/240314_Base_Lifestyle_350_copy.jpg","overlay_color":"#000000","overlay_opacity":5,"top_text":"","top_text_disabled":true,"title":"everyday totes","title_disabled":false,"bottom_text":"shop now","bottom_text_disabled":false,"collection_url":"https:\/\/basesupply.co\/collections\/totes","text_color":"text--white"}},"collection_NVYazD":{"type":"collection","settings":{"collection":"best-sellers","image":"shopify:\/\/shop_images\/beauty_base_hero_2_copy.jpg","overlay_color":"#000000","overlay_opacity":0,"top_text":"","top_text_disabled":false,"title":"beauty cases","title_disabled":false,"bottom_text":"SHOP NOW","bottom_text_disabled":false,"collection_url":"https:\/\/basesupply.co\/collections\/toiletry","text_color":"text--white"}},"collection_RbthwG":{"type":"collection","disabled":true,"settings":{"collection":"","overlay_color":"#000000","overlay_opacity":15,"top_text":"","top_text_disabled":false,"title":"","title_disabled":false,"bottom_text":"","bottom_text_disabled":false,"collection_url":"","text_color":"text--white"}},"collection_YhKCGJ":{"type":"collection","disabled":true,"settings":{"collection":"","overlay_color":"#000000","overlay_opacity":15,"top_text":"","top_text_disabled":false,"title":"","title_disabled":false,"bottom_text":"","bottom_text_disabled":false,"collection_url":"","text_color":"text--white"}},"collection_nwe6Uh":{"type":"collection","disabled":true,"settings":{"collection":"","overlay_color":"#000000","overlay_opacity":15,"top_text":"","top_text_disabled":false,"title":"","title_disabled":false,"bottom_text":"","bottom_text_disabled":false,"collection_url":"","text_color":"text--white"}}},"block_order":["collection_VgB6Pa","collection_XqLdyd","collection_X9aKE4","collection_NVYazD","collection_RbthwG","collection_YhKCGJ","collection_nwe6Uh"],"settings":{"title":"","bg":"palette--light bg--neutral","wh_ratio":1,"grid_large":2,"grid_medium":2,"grid_mobile":1.2,"font_family":"heading","title_size":8,"accent_size":3,"width":"wrapper--full","padding_top":14,"padding_bottom":10}},"section_look_dqCxFq":{"type":"section-look","blocks":{"product_WiNpGG":{"type":"product","settings":{"product":"go-to-base-khaki","position_x":53,"position_y":19,"position_x_mobile":50,"position_y_mobile":50}}},"block_order":["product_WiNpGG"],"disabled":true,"settings":{"image":"shopify:\/\/shop_images\/ditty-base-navy-lifestyle_d64a6d49-fe7b-424f-afe1-6b0b32603347.jpg","wh_ratio":1.7,"default_open":true,"dot_color":"palette--light bg--neutral","card_color":"palette--light bg--neutral","position":"look__products__holder--right","image_mobile_enable":false,"wh_ratio_mobile":1,"width":"wrapper--none","padding_top":0,"padding_bottom":0}},"1709858314d8f464b2":{"type":"apps","settings":{"text_color":"text--neutral","bg":"palette--light bg--neutral","width":"wrapper","padding_top":36,"padding_bottom":36}},"icons":{"type":"section-icons","blocks":{"icons-1":{"type":"icon_block","settings":{"icon_name":"icon-shipment-world","icon_alt":"shopify:\/\/shop_images\/Aussie.png","icon_color":"#191008","title":"Aussie designed and owned","text":"","link_text":"","link_url":""}},"icons-0":{"type":"icon_block","settings":{"icon_name":"icon-thread","icon_alt":"shopify:\/\/shop_images\/Lunch.png","icon_color":"#191008","title":"Practical Meets Seriously Cool","text":"","link_text":"","link_url":""}},"icons-2":{"type":"icon_block","settings":{"icon_name":"icon-email","icon_alt":"shopify:\/\/shop_images\/Tote.png","icon_color":"#191008","title":"Made for your everyday essentials","text":"","link_text":"","link_url":""}}},"block_order":["icons-1","icons-0","icons-2"],"settings":{"title":"","bg":"palette--light bg--accent","icons_size":30,"icon_alignment":"icon--left","layout":"grid--stacked","align_text":"text-left","width":"wrapper","padding_top":36,"padding_bottom":36}},"1653279705a1f83895":{"type":"section-newsletter","settings":{"title":"","richtext":"<h4>Join the gang & keep up to date!<\/h4>","bg":"palette--light bg--neutral","width":"wrapper--full","padding_top":32,"padding_bottom":36}}},"order":["hero","section_richtext_hPmywH","165328018555322abb","section_collection_slider_gkJ8Nw","section_list_collections_FcMg9H","section_look_dqCxFq","1709858314d8f464b2","icons","1653279705a1f83895"]}