{"sections":{"secondary":{"type":"section-list-collections-products","blocks":{"list-collections-products-block-0":{"type":"all_collections","settings":{"title":"","link_text":"View all","enable_item":false,"item_link_text":"","background_color":"#fcfaf7","text_color":"text--neutral","link_size":3}}},"block_order":["list-collections-products-block-0"],"settings":{"title":"SHOP OUR ENTIRE RANGE","bg":"palette--light bg--neutral","grid":4,"rows":1,"enable_scroll_mobile":true,"grid_small":1.2,"width":"wrapper","padding_top":36,"padding_bottom":108}}},"order":["secondary"]}