{"sections":{"main":{"type":"page","disabled":true,"settings":{"kicker":"","show_title":false,"show_content":true,"align_text":"text-center","text_color":"text--neutral","bg":"palette--light bg--neutral","width":"wrapper--narrow"}},"8aed2d6b-ebcb-47d1-9406-788765e8b87c":{"type":"section-richtext","blocks":{"template--16755720978659__8aed2d6b-ebcb-47d1-9406-788765e8b87c-kicker-1":{"type":"kicker","settings":{"kicker":"<p>More stockists being added soon<\/p>","enable_line":true,"text_size":3}},"template--16755720978659__8aed2d6b-ebcb-47d1-9406-788765e8b87c-heading-1":{"type":"heading","settings":{"heading":"<p>Stockists <\/p>","text_size":8}},"template--16755720978659__8aed2d6b-ebcb-47d1-9406-788765e8b87c-text-1":{"type":"text","settings":{"text":"<p>Need to find a base?<\/p>","text_size":4,"text_columns":1}},"template--16755720978659__8aed2d6b-ebcb-47d1-9406-788765e8b87c-button-1":{"type":"button","disabled":true,"settings":{}}},"block_order":["template--16755720978659__8aed2d6b-ebcb-47d1-9406-788765e8b87c-kicker-1","template--16755720978659__8aed2d6b-ebcb-47d1-9406-788765e8b87c-heading-1","template--16755720978659__8aed2d6b-ebcb-47d1-9406-788765e8b87c-text-1","template--16755720978659__8aed2d6b-ebcb-47d1-9406-788765e8b87c-button-1"],"settings":{"align_text":"text-left","bg":"palette--light bg--neutral","width":"wrapper"}},"4453b4a7-5b42-41c8-87bd-9ddb6d557d11":{"type":"section-faq","blocks":{"template--16755720978659__4453b4a7-5b42-41c8-87bd-9ddb6d557d11-text-1":{"type":"text","settings":{"title":"Victoria","content":"<p>Coconut Home & Co, Camberwell VIC 3124<\/p>"}},"template--16755720978659__4453b4a7-5b42-41c8-87bd-9ddb6d557d11-text-2":{"type":"text","settings":{"title":"New South Wales","content":""}},"template--16755720978659__4453b4a7-5b42-41c8-87bd-9ddb6d557d11-text-3":{"type":"text","settings":{"title":"Queensland","content":""}},"4907362c-b765-4c52-971b-c31d3a0d5e58":{"type":"text","settings":{"title":"South Australia","content":""}},"c41b126e-2eca-439b-9991-09c04a5a0261":{"type":"text","settings":{"title":"Tasmania","content":"<p>.<\/p>"}},"19ad84e4-e058-49fd-ae77-5fcfd71dc427":{"type":"text","settings":{"title":"Western Australia","content":""}},"53bb2481-c38c-49e1-9534-0d1d91d2cc54":{"type":"text","settings":{"title":"Northern Territory","content":""}},"f9544c8c-4e7d-4513-a6cb-f5e5ee5c9d23":{"type":"text","settings":{"title":"Australian Capitial Territory","content":""}}},"block_order":["template--16755720978659__4453b4a7-5b42-41c8-87bd-9ddb6d557d11-text-1","template--16755720978659__4453b4a7-5b42-41c8-87bd-9ddb6d557d11-text-2","template--16755720978659__4453b4a7-5b42-41c8-87bd-9ddb6d557d11-text-3","4907362c-b765-4c52-971b-c31d3a0d5e58","c41b126e-2eca-439b-9991-09c04a5a0261","19ad84e4-e058-49fd-ae77-5fcfd71dc427","53bb2481-c38c-49e1-9534-0d1d91d2cc54","f9544c8c-4e7d-4513-a6cb-f5e5ee5c9d23"],"settings":{"title":"AUSTRALIA","text_size":1,"text_color":"text--neutral","bg":"palette--light bg--neutral","width":"wrapper--narrow"}},"3287d4f3-f8d0-4b57-ada8-c438f2759175":{"type":"section-faq","blocks":{"template--16755720978659__3287d4f3-f8d0-4b57-ada8-c438f2759175-text-1":{"type":"text","settings":{"title":"NORTH ISLAND","content":""}},"template--16755720978659__3287d4f3-f8d0-4b57-ada8-c438f2759175-text-2":{"type":"text","settings":{"title":"SOUTH ISLAND","content":""}}},"block_order":["template--16755720978659__3287d4f3-f8d0-4b57-ada8-c438f2759175-text-1","template--16755720978659__3287d4f3-f8d0-4b57-ada8-c438f2759175-text-2"],"settings":{"title":"NEW ZEALAND","text_size":1,"text_color":"text--neutral","bg":"palette--light bg--neutral","width":"wrapper--narrow"}},"8a7d82ad-e4bd-4d09-bd94-5175402a0006":{"type":"section-faq","blocks":{"template--16755720978659__8a7d82ad-e4bd-4d09-bd94-5175402a0006-text-1":{"type":"text","settings":{"title":"","content":"<p><\/p><p><\/p>"}}},"block_order":["template--16755720978659__8a7d82ad-e4bd-4d09-bd94-5175402a0006-text-1"],"settings":{"title":"Canada","text_size":1,"text_color":"text--neutral","bg":"palette--light bg--neutral","width":"wrapper--narrow"}}},"order":["main","8aed2d6b-ebcb-47d1-9406-788765e8b87c","4453b4a7-5b42-41c8-87bd-9ddb6d557d11","3287d4f3-f8d0-4b57-ada8-c438f2759175","8a7d82ad-e4bd-4d09-bd94-5175402a0006"]}