{"sections":{"main":{"type":"page","settings":{"kicker":"","kicker_size":3,"show_title":false,"title_size":8,"show_content":false,"content_size":5,"align_text":"text-left","text_color":"text--neutral","bg":"palette--light bg--neutral","width":"wrapper","padding_top":36,"padding_bottom":36}},"page-lookbook-text-3":{"type":"section-gallery-text","disabled":true,"settings":{"bg":"palette--light bg--neutral","grid_large":1,"grid_medium":1,"grid_mobile":1,"width":"wrapper","padding_top":36,"padding_bottom":36}},"section_list_collections_mBU9LV":{"type":"section-list-collections","blocks":{"collection_LMCGdM":{"type":"collection","settings":{"collection":"beach-lover","image":"shopify:\/\/shop_images\/220709_Base_Lifestyle_279_LR.jpg","overlay_color":"#000000","overlay_opacity":15,"top_text":"","top_text_disabled":false,"title":"Beach Lovers","title_disabled":false,"bottom_text":"View Gifts","bottom_text_disabled":false,"collection_url":"","text_color":"text--white"}},"collection_ga7T6z":{"type":"collection","settings":{"collection":"for-the-traveller","image":"shopify:\/\/shop_images\/Screen_Shot_2022-11-17_at_1.14.17_pm.png","overlay_color":"#000000","overlay_opacity":15,"top_text":"","top_text_disabled":false,"title":"Travellers","title_disabled":false,"bottom_text":"View Gifts","bottom_text_disabled":false,"collection_url":"","text_color":"text--white"}},"collection_hmPqg8":{"type":"collection","settings":{"collection":"for-the-beauty-queen","image":"shopify:\/\/shop_images\/Screen_Shot_2022-11-17_at_1.12.01_pm.png","overlay_color":"#000000","overlay_opacity":15,"top_text":"","top_text_disabled":false,"title":"Beauty Queens","title_disabled":false,"bottom_text":"View Gifts","bottom_text_disabled":false,"collection_url":"","text_color":"text--white"}},"collection_yHJEGm":{"type":"collection","settings":{"collection":"the-exercise-lover","image":"shopify:\/\/shop_images\/Screen_Shot_2023-04-26_at_12.25.07_pm.png","overlay_color":"#000000","overlay_opacity":15,"top_text":"","top_text_disabled":false,"title":"Active Mums","title_disabled":false,"bottom_text":"View Gifts","bottom_text_disabled":false,"collection_url":"","text_color":"text--white"}},"collection_GVy9nc":{"type":"collection","settings":{"collection":"for-the-market-shopper","image":"shopify:\/\/shop_images\/Screen_Shot_2022-11-17_at_1.12.10_pm.png","overlay_color":"#000000","overlay_opacity":15,"top_text":"","top_text_disabled":false,"title":"Market Shoppers","title_disabled":false,"bottom_text":"View Gifts","bottom_text_disabled":false,"collection_url":"","text_color":"text--white"}},"collection_hRgRDJ":{"type":"collection","settings":{"collection":"mini-gifts","image":"shopify:\/\/shop_images\/Screen_Shot_2022-11-17_at_1.19.43_pm.png","overlay_color":"#000000","overlay_opacity":15,"top_text":"","top_text_disabled":false,"title":"On the Go","title_disabled":false,"bottom_text":"View Gifts","bottom_text_disabled":false,"collection_url":"","text_color":"text--white"}}},"block_order":["collection_LMCGdM","collection_ga7T6z","collection_hmPqg8","collection_yHJEGm","collection_GVy9nc","collection_hRgRDJ"],"settings":{"title":"NOT SO BASIC GIFTS","bg":"palette--light bg--neutral","wh_ratio":1.5,"grid_large":2,"grid_medium":2,"grid_mobile":1.2,"font_family":"body","title_size":9,"accent_size":3,"width":"wrapper","padding_top":36,"padding_bottom":36}}},"order":["main","page-lookbook-text-3","section_list_collections_mBU9LV"]}