{"sections":{"main":{"type":"product","blocks":{"title":{"type":"title","settings":{"text_size":9,"product_show_cutline":true,"show_rating":false,"show_rating_count":false,"padding_bottom":20}},"judge_me_reviews_preview_badge_qqzqby":{"type":"shopify:\/\/apps\/judge-me-reviews\/blocks\/preview_badge\/61ccd3b1-a9f2-4160-9fe9-4fec8413e5d8","disabled":true,"settings":{}},"price_hYbJzy":{"type":"price","settings":{"price_size":5,"padding_bottom":40}},"variant_selectors_P6EEqj":{"type":"variant-selectors","settings":{"option_size_swatch":34,"option_size_radio":50,"option_space":30,"padding_bottom":30}},"siblings_yqVpJj":{"type":"siblings","settings":{"siblings_collection":"{{ product.metafields.theme.siblings.value }}","cutline":"{{ product.metafields.theme.siblings_colour.value }}","option_size_sibling":50,"padding_bottom":20}},"quantity_GkPwBE":{"type":"quantity","settings":{"show_quantity":true,"padding_bottom":20}},"add_buttons_VHphLm":{"type":"add-buttons","settings":{"enable_payment_button":true,"enable_gift_card_recipient":true,"padding_bottom":20}},"description_q67rr3":{"type":"description","settings":{"style":"accordions","enable_description":true,"read_more":true,"icon_description":"","description_expanded":true,"title_1":"Measurements","icon_name_1":"icon-ruler","raw_content_1":"<p>{{ product.metafields.custom.measurements_vertical | metafield_tag }}<\/p>","title_2":"Material","icon_name_2":"icon-sewing-machine","raw_content_2":"<p>{{ product.metafields.my_fields.material.value }}<\/p>","title_3":"Care Guide","icon_name_3":"icon-washer","raw_content_3":"<p>{{ product.metafields.descriptors.care_guide | metafield_tag }}<\/p>","title_4":"","icon_name_4":"","raw_content_4":"","title_5":"","icon_name_5":"","raw_content_5":"","padding_bottom":20}},"upsell_rACH4g":{"type":"upsell","disabled":true,"settings":{"title":"Buy it with","upsell_type":"product_single","product":"{{ product.metafields.theme.upsell_product.value }}","upsell_product_list":[],"upsell_list_limit":1,"padding_bottom":20}}},"block_order":["title","judge_me_reviews_preview_badge_qqzqby","price_hYbJzy","variant_selectors_P6EEqj","siblings_yqVpJj","quantity_GkPwBE","add_buttons_VHphLm","description_q67rr3","upsell_rACH4g"],"settings":{"layout":"thumbnails-below@slides","image_width":"wide","image_spacing":10,"align":"left","bg":"palette--light bg--neutral","mobile_layout":"carousel","enable_video_looping":true,"zoom_enable":true,"alt_text_enable":true,"alt_text_icon":"icon-ruler","product_breadcrumbs_enable":false,"product_breadcrumbs_list":[],"width":"wrapper","padding_top":24,"padding_bottom":36}},"image-with-text":{"type":"section-double","blocks":{"image":{"type":"image","settings":{"overlay_opacity":15,"overlay_color":"#000000","enable_overlay_text":false,"kicker":"","title":"","richtext":"","text_align":"align--middle-center","text_color":"text--white","link_text":"","link":"","button_color":"btn--white","button_style":"btn uppercase"}},"text":{"type":"text","settings":{"kicker":"Image with text","title":"","text":"<p>Use this text to share information about your brand with your customers. Describe a product, share announcements, or welcome customers to your store.<\/p>","font_size":5,"text_columns":1,"align_text":"text-left","button_text":"","button_url":"","button_color":"btn--neutral","button_style":"caps--link","text_color":"text--neutral","bg_color":"#ffffff"}}},"block_order":["image","text"],"disabled":true,"settings":{"height":"use_screen_one_half","brick_gutter":0,"borders":false,"bg_color":"","preload_image":false,"width":"wrapper","padding_top":36,"padding_bottom":36}},"reviews":{"type":"reviews","settings":{"product_reviews_enable":false,"bg":"palette--light bg--accent","width":"wrapper","padding_top":36,"padding_bottom":36}},"related":{"type":"related","disabled":true,"settings":{"heading":"","bg":"palette--dark bg--invert--accent","grid_large":4,"grid_medium":3,"grid_small":1.2,"related_products_enable":true,"limit":6,"product_recommendations_heading":"Related products","show_recently_viewed":true,"product_recently_limit":6,"product_recently_minimum":4,"product_recently_heading":"Recently viewed","width":"wrapper","padding_top":36,"padding_bottom":36}}},"order":["main","image-with-text","reviews","related"]}