{"type":"aside","name":"Overlay","sections":{"cart":{"type":"cart-drawer","settings":{"cart_shipping_enable":false,"cart_show_quantity":true,"cart_notes_enable":false,"show_free_shipping_message":true,"message":"Spend ||amount|| more for free shipping","cart_custom_message_enable":false,"cart_custom_message_text":"<p>Use code <strong>TENOFF<\/strong> at checkout for 10% off<\/p>","cart_color_bg":"palette--light bg--neutral","cart_show_additional_buttons":true}},"popups":{"type":"popups","blocks":{"cookies":{"type":"cookie","disabled":true,"settings":{"show_cookies_popup":true,"text_title":"Warehouse is taking a break!","text_body":"<p>We're on vac-ay, all online orders now placed will be dispatched on Tues 6 Sept.<\/p>","text_accept":"Sure, let's start shopping","text_learn":"","learn_url":"","text_color":"text--neutral","button_color":"btn--neutral","button_style":"btn--soft uppercase","bg":"palette--light bg--neutral","position":"popup--left"}},"newsletter_signup":{"type":"newsletter","disabled":true,"settings":{"title":"Psst...!","text":"<p>Want to be the first to hear about our Sale? Enter your email here!<\/p>","success":"We'll be in touch!","text_color":"text--neutral","bg":"palette--light bg--neutral","position":"popup--right","trigger":"always","target_url_enabled":false,"target_url":"","target_referrer_enabled":false,"target_referrer":"","target_device_enabled":false,"target_device":"mobile"}},"7ce0be30-00ad-477a-a8dc-3a37cbd25bf4":{"type":"text","disabled":true,"settings":{"title":"Warehouse is taking a break!","text":"<p>We're on vac-ay, all online orders now placed will be dispatched on Wednesday 11th January.<\/p>","text_color":"text--neutral","bg":"palette--light bg--neutral","link_text":"Sure, let's start shopping","link":"","button_color":"btn--neutral","button_style":"btn--soft uppercase","position":"popup--center","trigger":"always","target_url_enabled":false,"target_url":"","target_referrer_enabled":false,"target_referrer":"","target_device_enabled":false,"target_device":"mobile"}},"240395a1-a5da-4cb0-a7d0-283c4b7626f7":{"type":"text","disabled":true,"settings":{"title":"FREE SHIPPING ENDS SUNDAY!","text":"<p>Use code: FREESHIP to enjoy free shipping until Sunday 23.10.22 midnight.<\/p>","text_color":"text--neutral","bg":"palette--light bg--neutral","link_text":"GET SHOPPING","link":"shopify:\/\/collections","button_color":"btn--neutral","button_style":"btn--soft uppercase","position":"popup--center","trigger":"always","target_url_enabled":false,"target_url":"","target_referrer_enabled":false,"target_referrer":"","target_device_enabled":false,"target_device":"mobile"}}},"block_order":["cookies","newsletter_signup","7ce0be30-00ad-477a-a8dc-3a37cbd25bf4","240395a1-a5da-4cb0-a7d0-283c4b7626f7"],"settings":{}}},"order":["cart","popups"]}