{"type":"header","name":"Header","sections":{"announcement":{"type":"announcement","blocks":{"announce_text":{"type":"text","disabled":true,"settings":{"text":"","target_url_enabled":false,"target_url":"shopify:\/\/collections\/sale","target_referrer_enabled":false,"target_referrer":"","target_device_enabled":false,"target_device":"mobile"}},"announce_shipping":{"type":"message","disabled":true,"settings":{"message":"You're only ||amount|| away from free shipping. Australian customers only.","target_url_enabled":false,"target_url":"","target_referrer_enabled":false,"target_referrer":"","target_device_enabled":true,"target_device":"mobile"}},"4165f42e-6a62-415a-aea0-584d43438a77":{"type":"text","disabled":true,"settings":{"text":"<p><strong>FREE SHIPPING<\/strong> | When you purchase two or more base with code: SHIPFORFREE Available for Australian customers only. <\/p>","target_url_enabled":false,"target_url":"","target_referrer_enabled":false,"target_referrer":"","target_device_enabled":false,"target_device":"mobile"}},"af97a0b8-800a-4085-a054-1c8e2eea5bff":{"type":"text","disabled":true,"settings":{"text":"<p><strong>WE'RE ON VACAY<\/strong> | Our warehouse is closed from <strong>Friday 16th December<\/strong> <strong>-  11th January<\/strong>. All orders will be dispatched when we get back.<\/p>","target_url_enabled":false,"target_url":"","target_referrer_enabled":false,"target_referrer":"","target_device_enabled":false,"target_device":"mobile"}},"da74cbbb-8a77-4990-9ac7-b1ff1e2fde00":{"type":"text","disabled":true,"settings":{"text":"<p><strong>SUMMER SALE ENDS MIDNIGHT SUNDAY 29TH AEST<\/strong> | 30-40% OFF PICNIC AND NYLON<\/p>","target_url_enabled":false,"target_url":"","target_referrer_enabled":false,"target_referrer":"","target_device_enabled":false,"target_device":"mobile"}},"3fb5e648-6fdf-455f-9163-b120809e672c":{"type":"text","settings":{"text":"<p>FREE express shipping on orders $150+ (Aust. customers).<\/p>","target_url_enabled":false,"target_url":"","target_referrer_enabled":false,"target_referrer":"","target_device_enabled":false,"target_device":"mobile"}}},"block_order":["announce_text","announce_shipping","4165f42e-6a62-415a-aea0-584d43438a77","af97a0b8-800a-4085-a054-1c8e2eea5bff","da74cbbb-8a77-4990-9ac7-b1ff1e2fde00","3fb5e648-6fdf-455f-9163-b120809e672c"],"settings":{"text_size":3,"layout":"slider","speed":4,"padding_top":4,"padding_bottom":4}},"header":{"type":"header","blocks":{"17ac5c0d-41b9-44f7-a526-3af6a36a2003":{"type":"image","disabled":true,"settings":{"position":"2","wh_ratio":1.2,"image":"shopify:\/\/shop_images\/image002.jpg","wide_element":false,"overlay_opacity":0,"overlay_color":"#000000","title":"","title_color":"text--white","button_style":"is-below-image","link_text":"","link":"","button_color":"btn--neutral","display":"all"}}},"block_order":["17ac5c0d-41b9-44f7-a526-3af6a36a2003"],"settings":{"header_style":"menu_center","logo":"shopify:\/\/shop_images\/base-supply-bags-logo.png","logo_max_limit":220,"logo_padding":16,"logo_text_size":5,"main_menu_linklist":"basic","mobile_menu_linklist":"","full_width":false,"underline_current":true,"enable_search":true,"enable_account":true,"use_icons":true,"icons_type":"classic","cart_icon":"bag","header_sticky":"sticky","transparent_home":false,"transparent_collection":false,"transparent_blog":false,"transparent_article":false,"transparent_page":false,"transparent_text_color":"#ffffff","show_collection_images":true,"collection_wh_ratio":2.5}}},"order":["announcement","header"]}