{"type":"footer","name":"Footer","sections":{"footer":{"type":"footer","blocks":{"text":{"type":"text","disabled":true,"settings":{"title":"Reusable, sturdy and stylish;","text":"<p>Simplifying life while adding style. <\/p><p>That’s what base does.<\/p><p>Designed in Melbourne, Australia.<\/p>","text_size":4,"accordion_default":"accordion-is-open"}},"linklist":{"type":"linklist","disabled":true,"settings":{"linklist":"base-service","title":"","accordion_default":"accordion-is-open"}},"newsletter":{"type":"newsletter","disabled":true,"settings":{"show_image":true,"wh_ratio":2,"newsletter_enable":true,"recaptcha_enabled":false,"kicker":"","heading":"Exclusive offers straight to your inbox","richtext":"<p>Sign up for information on new releases, offers and ideas on how base fits your everyday.<\/p>","text_size":4,"background_color":"#f7f7f7","text_color_value":"#656565"}}},"block_order":["text","linklist","newsletter"],"settings":{"menu_position":"left","logo_max_limit":120,"width":"wrapper--full","padding_top":50,"padding_bottom":50}},"subfooter":{"type":"subfooter","settings":{"footer_secondary_linklist":"base-service","footer_payment_enable":true,"footer_social_enable":true,"show_locale_selector":false,"show_currency_selector":false,"width":"wrapper--full","padding_top":36,"padding_bottom":36}}},"order":["footer","subfooter"]}