[
  {
    "name": "theme_info",
    "theme_name": "Pipeline",
    "theme_author": "Groupthought",
    "theme_version": "7.2.2",
    "theme_support_url": "https://groupthought.com/link/pipeline/contact",
    "theme_documentation_url": "https://groupthought.com/link/pipeline/docs"
  },
  {
    "name": "Color",
    "settings": [
      {
        "type": "header",
        "content": "Announcement bar"
      },
      {
        "type": "color",
        "id": "color_announcement_bg",
        "label": "Background",
        "default": "#f7f7f7"
      },
      {
        "type": "color",
        "id": "color_announcement_text",
        "label": "Text",
        "default": "#656565"
      },
      {
        "type": "header",
        "content": "Header"
      },
      {
        "type": "color",
        "id": "color_header_bg",
        "label": "Background",
        "default": "#ffffff"
      },
      {
        "type": "color",
        "id": "color_header_text",
        "label": "Text",
        "default": "#656565"
      },
      {
        "type": "color",
        "id": "color_nav_border",
        "label": "Border",
        "default": "#f7f7f7"
      },
      {
        "type": "color",
        "id": "color_highlight_link",
        "label": "Sale text",
        "info": "Highlight menu links called 'Sale'",
        "default": "#d2815f"
      },
      {
        "type": "header",
        "content": "Light palette"
      },
      {
        "type": "color",
        "id": "color_body_bg",
        "label": "Body background",
        "default": "#ffffff"
      },
      {
        "type": "color",
        "id": "color_body_text",
        "label": "Body text",
        "default": "#656565"
      },
      {
        "type": "color",
        "id": "color_primary",
        "label": "Primary accents",
        "info": "Used to highlight the purchase path",
        "default": "#f4a482"
      },
      {
        "type": "color",
        "id": "color_secondary",
        "label": "Secondary accents",
        "info": "Used for text links, and secondary buttons",
        "default": "#585e71"
      },
      {
        "type": "color",
        "id": "color_bg_light",
        "label": "Light accent background",
        "default": "#f7f7f7"
      },
      {
        "type": "header",
        "content": "Dark palette"
      },
      {
        "type": "color",
        "id": "color_bg_inverse",
        "label": "Dark background",
        "default": "#2e3438"
      },
      {
        "type": "color",
        "id": "color_text_inverse",
        "label": "Dark text",
        "default": "#FFFFFF"
      },
      {
        "type": "color",
        "id": "color_primary_inverse",
        "label": "Dark primary accents",
        "info": "Used to highlight the purchase path",
        "default": "#fcd8c8"
      },
      {
        "type": "color",
        "id": "color_secondary_inverse",
        "label": "Dark secondary accents",
        "info": "Used for text links, and secondary buttons",
        "default": "#c6dae5"
      },
      {
        "type": "color",
        "id": "color_bg_accent_inverse",
        "label": "Dark accent background",
        "default": "#222324"
      },
      {
        "type": "header",
        "content": "Bright palette"
      },
      {
        "type": "color",
        "id": "color_bg_bright",
        "label": "Bright background",
        "default": "#FFF9D9"
      },
      {
        "type": "color",
        "id": "color_text_bright",
        "label": "Bright text",
        "default": "#616161"
      },
      {
        "type": "color",
        "id": "color_primary_bright",
        "label": "Bright primary accents",
        "info": "Used to highlight the purchase path",
        "default": "#EFBD1E"
      },
      {
        "type": "color",
        "id": "color_secondary_bright",
        "label": "Bright secondary accents",
        "info": "Used for text links, and secondary buttons",
        "default": "#E7B000"
      },
      {
        "type": "color",
        "id": "color_bg_accent_bright",
        "label": "Bright accent background",
        "default": "#FFF333"
      },
      {
        "type": "select",
        "id": "default_background",
        "label": "Default colors",
        "default": "",
        "options": [
          {
            "value": "",
            "label": "Light"
          },
          {
            "value": "default--accent",
            "label": "Light accent"
          },
          {
            "value": "default--dark",
            "label": "Dark"
          },
          {
            "value": "default--dark default--accent--inverse",
            "label": "Dark accent"
          },
          {
            "value": "default--bright",
            "label": "Bright"
          },
          {
            "value": "default--bright default--accent--bright",
            "label": "Bright accent"
          }
        ],
        "info": "Used to set background colors for account pages, 404 pages, and other pages without settings."
      },
      {
        "type": "header",
        "content": "Footer"
      },
      {
        "type": "color",
        "id": "color_footer_bg",
        "label": "Background",
        "default": "#f7f7f7"
      },
      {
        "type": "color",
        "id": "color_footer_text",
        "label": "Text",
        "default": "#656565"
      },
      {
        "type": "header",
        "content": "Subfooter"
      },
      {
        "type": "color",
        "id": "color_sub_footer_bg",
        "label": "Background",
        "default": "#f0f0f0"
      },
      {
        "type": "color",
        "id": "color_sub_footer_text",
        "label": "Text",
        "default": "#656565"
      },
      {
        "type": "header",
        "content": "Contrast adjustment"
      },
      {
        "type": "checkbox",
        "id": "high_contrast",
        "label": "Increase contrast",
        "default": false
      }
    ]
  },
  {
    "name": "Typography",
    "settings": [
      {
        "type": "header",
        "content": "Headings"
      },
      {
        "type": "font_picker",
        "id": "font_heading_family",
        "label": "Heading font",
        "default": "tenor_sans_n4"
      },
      {
        "type": "font_picker",
        "id": "font_body_family",
        "label": "Body text font",
        "default": "harmonia_sans_n4"
      },
      {
        "type": "font_picker",
        "id": "font_accent_family",
        "label": "Accent font",
        "default": "harmonia_sans_n4"
      }
    ]
  },
  {
    "name": "Typography - Advanced",
    "settings": [
      {
        "type": "select",
        "id": "font_scaling_system",
        "label": "Font size scaling system",
        "default": "small",
        "options": [
          {
            "label": "Small",
            "value": "small"
          },
          {
            "label": "Medium",
            "value": "medium"
          },
          {
            "label": "Large",
            "value": "large"
          }
        ]
      },
      {
        "type": "header",
        "content": "Elements"
      },
      {
        "type": "select",
        "id": "type_nav_font",
        "label": "Navigation font",
        "default": "accent_normal",
        "options": [
          {
            "label": "Heading",
            "value": "heading_normal"
          },
          {
            "label": "Heading bold",
            "value": "heading_bold"
          },
          {
            "label": "Body",
            "value": "body_normal"
          },
          {
            "label": "Body bold",
            "value": "body_bold"
          },
          {
            "label": "Accent",
            "value": "accent_normal"
          },
          {
            "label": "Accent bold",
            "value": "accent_bold"
          }
        ]
      },
      {
        "type": "select",
        "id": "type_button_font",
        "label": "Button font",
        "default": "accent_bold",
        "options": [
          {
            "label": "Heading",
            "value": "heading_normal"
          },
          {
            "label": "Heading bold",
            "value": "heading_bold"
          },
          {
            "label": "Body",
            "value": "body_normal"
          },
          {
            "label": "Body bold",
            "value": "body_bold"
          },
          {
            "label": "Accent",
            "value": "accent_normal"
          },
          {
            "label": "Accent bold",
            "value": "accent_bold"
          }
        ]
      },
      {
        "type": "select",
        "id": "type_kicker_font",
        "label": "Kicker font",
        "default": "accent_bold",
        "options": [
          {
            "label": "Heading",
            "value": "heading_normal"
          },
          {
            "label": "Heading bold",
            "value": "heading_bold"
          },
          {
            "label": "Body",
            "value": "body_normal"
          },
          {
            "label": "Body bold",
            "value": "body_bold"
          },
          {
            "label": "Accent",
            "value": "accent_normal"
          },
          {
            "label": "Accent bold",
            "value": "accent_bold"
          }
        ]
      },
      {
        "type": "header",
        "content": "Uppercase"
      },
      {
        "type": "range",
        "id": "font_uppercase_spacing",
        "min": -30,
        "max": 200,
        "step": 10,
        "unit": "%",
        "label": "Uppercase letter spacing",
        "default": 90
      },
      {
        "type": "checkbox",
        "id": "font_heading_uppercase",
        "label": "Uppercase headings"
      },
      {
        "type": "checkbox",
        "id": "font_body_uppercase",
        "label": "Uppercase body text"
      },
      {
        "type": "checkbox",
        "id": "font_accent_uppercase",
        "label": "Uppercase accent text",
        "default": true
      },
      {
        "type": "checkbox",
        "id": "type_nav_uppercase",
        "label": "Uppercase top navigation",
        "default": true
      },
      {
        "type": "checkbox",
        "id": "type_button_uppercase",
        "label": "Uppercase buttons",
        "default": true
      },
      {
        "type": "checkbox",
        "id": "type_kicker_uppercase",
        "label": "Uppercase title kickers",
        "default": true
      },
      {
        "type": "header",
        "content": "Advanced: font size rebalance"
      },
      {
        "type": "paragraph",
        "content": "Some fonts are larger than others. Rebalance your fonts for consistent sizing."
      },
      {
        "type": "range",
        "id": "font_heading_size",
        "min": 75,
        "max": 125,
        "step": 5,
        "unit": "%",
        "label": "Heading font",
        "default": 100
      },
      {
        "type": "range",
        "id": "font_body_size",
        "min": 75,
        "max": 125,
        "step": 5,
        "unit": "%",
        "label": "Body font",
        "default": 100
      },
      {
        "type": "range",
        "id": "font_accent_size",
        "min": 75,
        "max": 125,
        "step": 5,
        "unit": "%",
        "label": "Accent font",
        "default": 100
      }
    ]
  },
  {
    "name": "Layout",
    "settings": [
      {
        "type": "range",
        "id": "layout_site_width",
        "min": 1000,
        "max": 2000,
        "step": 50,
        "unit": "px",
        "label": "Page width",
        "default": 1200
      },
      {
        "type": "header",
        "content": "Grid"
      },
      {
        "type": "range",
        "id": "layout_gutter",
        "min": 0,
        "max": 50,
        "step": 1,
        "unit": "px",
        "label": "Column spacing",
        "info": "For multi-column layouts",
        "default": 20
      },
      {
        "type": "range",
        "id": "layout_outer",
        "min": 0,
        "max": 50,
        "step": 1,
        "unit": "px",
        "label": "Page spacing",
        "info": "Space between page content and the edge of the window",
        "default": 36
      },
      {
        "type": "header",
        "content": "Buttons"
      },
      {
        "type": "range",
        "id": "button_radius",
        "min": 0,
        "max": 10,
        "step": 1,
        "unit": "px",
        "label": "Button radius",
        "default": 0
      },
      {
        "type": "header",
        "content": "Animations"
      },
      {
        "type": "checkbox",
        "id": "animations_scroll_enable",
        "label": "Scroll animations",
        "info": "Some text and images will animate in during scroll",
        "default": true
      },
      {
        "type": "checkbox",
        "id": "animations_hover_enable",
        "label": "Hover animations",
        "info": "Some images will animate on hover",
        "default": true
      },
      {
        "type": "checkbox",
        "id": "parallax_enable",
        "label": "Parallax images",
        "info": "Some images will animate movement opposite to the scroll direction",
        "default": true
      }
    ]
  },
  {
    "name": "Icons",
    "settings": [
      {
        "type": "range",
        "id": "icon_stroke_width",
        "min": 1,
        "max": 2.5,
        "step": 0.1,
        "unit": "px",
        "label": "Icon stroke width",
        "default": 2
      },
      {
        "type": "header",
        "content": "Favicon"
      },
      {
        "type": "image_picker",
        "id": "favicon",
        "label": "Favicon image",
        "info": "Will be scaled down to 32 x 32px"
      }
    ]
  },
  {
    "name": "Search",
    "settings": [
      {
        "type": "checkbox",
        "id": "predictive_search_enabled",
        "label": "Enable search suggestions",
        "default": true
      }
    ]
  },
  {
    "name": "Product card",
    "settings": [
      {
        "type": "header",
        "content": "Layout"
      },
      {
        "type": "select",
        "id": "collection_text_alignment",
        "label": "Text alignment",
        "options": [
          {
            "value": "text-left",
            "label": "Left"
          },
          {
            "value": "text-center",
            "label": "Center"
          },
          {
            "value": "text-right",
            "label": "Right"
          }
        ],
        "default": "text-center"
      },
      {
        "type": "header",
        "content": "Image slideshow"
      },
      {
        "type": "range",
        "id": "cycle_images_limit",
        "min": 1,
        "max": 5,
        "step": 1,
        "label": "Images in slideshow",
        "default": 5
      },
      {
        "type": "range",
        "label": "Slideshow delay",
        "id": "cycle_images_hover_delay",
        "default": 1.5,
        "min": 0.5,
        "max": 5,
        "step": 0.1,
        "unit": "sec",
        "info": "If there are two images in the slideshow, the second image will show on hover."
      },
      {
        "type": "header",
        "content": "Image scaling"
      },
      {
        "type": "select",
        "id": "product_grid_image",
        "label": "Scaling style",
        "default": "crop",
        "info": "Fit uneven images into square containers.",
        "options": [
          {
            "value": "crop",
            "label": "Crop images in container"
          },
          {
            "value": "scale",
            "label": "Scale images down to fit container"
          },
          {
            "value": "uneven",
            "label": "No cropping or scaling (uneven grid)"
          }
        ]
      },
      {
        "type": "range",
        "id": "product_card_wh_ratio",
        "min": 0,
        "max": 2,
        "step": 0.1,
        "unit": ":1",
        "label": "Product photo aspect ratio",
        "info": "Tall to wide",
        "default": 0.9
      },
      {
        "type": "checkbox",
        "label": "Darken product photos",
        "info": "Creates a light grey background",
        "id": "product_background_grey",
        "default": false
      },
      {
        "type": "header",
        "content": "Add to cart button"
      },
      {
        "type": "checkbox",
        "id": "instant_add_enable",
        "label": "Enable one-click button",
        "default": true,
        "info": "For products that can be added with one click. [Learn more](https://groupthought.com/link/pipeline/docs/quickadd)"
      },
      {
        "type": "checkbox",
        "id": "quickview_enable",
        "label": "Enable quickview button",
        "default": true,
        "info": "For products with more options, requiring a drawer to display them."
      },
      {
        "type": "select",
        "id": "quick_add_button_color",
        "label": "Button color",
        "default": "stain-button-canvas",
        "options": [
          {
            "value": "stain-button-canvas",
            "label": "Page background color"
          },
          {
            "value": "stain-button-content",
            "label": "Text color"
          },
          {
            "value": "stain-button-primary",
            "label": "Bright accent"
          },
          {
            "value": "stain-button-secondary",
            "label": "Secondary accent"
          },
          {
            "value": "stain-button-black",
            "label": "Black"
          },
          {
            "value": "stain-button-white",
            "label": "White"
          }
        ]
      },
      {
        "type": "header",
        "content": "Swatches"
      },
      {
        "type": "checkbox",
        "label": "Enable swatches",
        "id": "swatches_enable",
        "info": "Learn about [color swatches](https://groupthought.com/link/pipeline/docs/swatches)",
        "default": true
      },
      {
        "type": "checkbox",
        "label": "Show swatches as squares",
        "id": "swatches_squares",
        "default": false
      },
      {
        "type": "checkbox",
        "label": "Show swatches on collections",
        "id": "swatches_collection_enable",
        "default": true
      },
      {
        "type": "header",
        "content": "Sibling swatches"
      },
      {
        "type": "checkbox",
        "label": "Show siblings on collections",
        "id": "show_siblings",
        "info": "Learn about linked [color siblings](https://groupthought.com/link/pipeline/docs/siblings)",
        "default": true
      },
      {
        "type": "checkbox",
        "label": "Show cutline",
        "id": "show_cutline",
        "info": "Learn about [color cutlines](https://groupthought.com/link/pipeline/docs/cutline)",
        "default": true
      },
      {
        "type": "header",
        "content": "Product badges"
      },
      {
        "type": "checkbox",
        "label": "Show sale badges",
        "id": "badge_sale",
        "default": true
      },
      {
        "type": "checkbox",
        "label": "Show sale amount",
        "id": "badge_sale_discount",
        "default": false
      },
      {
        "type": "checkbox",
        "label": "Show sold out badges",
        "id": "badge_sellout",
        "default": true
      },
      {
        "type": "checkbox",
        "label": "Enable [custom badges](https://groupthought.com/link/pipeline/docs/badges)",
        "id": "badge_custom",
        "default": true
      },
      {
        "type": "color",
        "id": "color_badge",
        "label": "Background",
        "default": "#ffffff"
      },
      {
        "type": "color",
        "id": "color_badge_text",
        "label": "Text",
        "default": "#656565"
      },
      {
        "type": "header",
        "content": "Star rating",
        "info": "Requires a product review app to create [standard metafields](https://shopify.dev/apps/metafields/definitions/standard-definitions) for star ratings."
      },
      {
        "type": "checkbox",
        "id": "product_grid_show_rating",
        "label": "Enable star rating",
        "default": false
      },
      {
        "type": "checkbox",
        "id": "product_grid_show_rating_count",
        "label": "Show rating count",
        "default": false
      }
    ]
  },
  {
    "name": "Product form",
    "settings": [
      {
        "type": "paragraph",
        "content": "Used for the product form, upsell drawer, and quick-view drawer."
      },
      {
        "type": "select",
        "id": "badge_sale_type",
        "label": "Sale discount style",
        "default": "dollar",
        "options": [
          {
            "value": "dollar",
            "label": "Show dollars off"
          },
          {
            "value": "percentage",
            "label": "Show percent off"
          }
        ]
      },
      {
        "type": "select",
        "id": "variant_form",
        "label": "Variant option style",
        "default": "auto",
        "options": [
          {
            "value": "auto",
            "label": "Auto"
          },
          {
            "value": "button",
            "label": "Buttons"
          },
          {
            "value": "dropdown",
            "label": "Dropdown"
          }
        ],
        "info": "Does not affect swatches. Color swatches are always buttons."
      }
    ]
  },
  {
    "name": "Cart",
    "settings": [
      {
        "type": "select",
        "id": "cart_style",
        "label": "Cart type",
        "default": "drawer",
        "options": [
          {
            "value": "pop",
            "label": "Popup"
          },
          {
            "value": "drawer",
            "label": "Drawer"
          },
          {
            "value": "page",
            "label": "Page"
          },
          {
            "value": "compatible",
            "label": "App compatible page"
          }
        ]
      },
      {
        "type": "text",
        "id": "free_shipping_limit",
        "label": "Minimum spend for free shipping",
        "default": "100",
        "info": "Use round numbers. Exclude currency, symbols, and letters. [More info](https://help.shopify.com/en/manual/shipping/setting-up-and-managing-your-shipping/free-shipping-rates#free-shipping-over-a-certain-value)"
      },
      {
        "type": "url",
        "id": "cart_continue_browsing",
        "label": "Empty cart link",
        "info": "Continue browsing link for the empty cart"
      }
    ]
  },
  {
    "name": "Social media",
    "settings": [
      {
        "type": "header",
        "content": "Accounts"
      },
      {
        "type": "text",
        "id": "social_twitter_link",
        "label": "Twitter",
        "info": "https://twitter.com/shopify"
      },
      {
        "type": "text",
        "id": "social_facebook_link",
        "label": "Facebook",
        "info": "https://facebook.com/shopify"
      },
      {
        "type": "text",
        "id": "social_instagram_link",
        "label": "Instagram",
        "info": "https://instagram.com/shopify"
      },
      {
        "type": "text",
        "id": "social_tiktok_link",
        "label": "TikTok",
        "info": "https://tiktok.com/@shopify"
      },
      {
        "type": "text",
        "id": "social_pinterest_link",
        "label": "Pinterest",
        "info": "https://pinterest.com/shopify"
      },
      {
        "type": "text",
        "id": "social_youtube_link",
        "label": "Youtube",
        "info": "https://www.youtube.com/shopify"
      },
      {
        "type": "text",
        "id": "social_vimeo_link",
        "label": "Vimeo",
        "info": "https://vimeo.com/shopify"
      },
      {
        "type": "text",
        "id": "social_tumblr_link",
        "label": "Tumblr",
        "info": "http://shopify.tumblr.com"
      },
      {
        "type": "text",
        "id": "social_linkedin_link",
        "label": "Linkedin",
        "info": "https://www.linkedin.com/company/shopify"
      },
      {
        "type": "text",
        "id": "social_medium_link",
        "label": "Medium",
        "info": "https://ux.shopify.com/"
      },
      {
        "type": "text",
        "id": "social_snapchat_link",
        "label": "Snapchat",
        "info": "https://snapchat.com/add/shopify"
      },
      {
        "type": "header",
        "content": "Custom icon 1"
      },
      {
        "type": "image_picker",
        "id": "custom_social_icon_1",
        "label": "Icon",
        "info": "100 x 100px .png recommended"
      },
      {
        "type": "text",
        "id": "custom_social_link_1",
        "label": "Link",
        "info": "https://example.com/shopify"
      },
      {
        "type": "header",
        "content": "Custom icon 2"
      },
      {
        "type": "image_picker",
        "id": "custom_social_icon_2",
        "label": "Icon",
        "info": "100 x 100px .png recommended"
      },
      {
        "type": "text",
        "id": "custom_social_link_2",
        "label": "Link",
        "info": "https://example.com/shopify"
      },
      {
        "type": "header",
        "content": "Custom icon 3"
      },
      {
        "type": "image_picker",
        "id": "custom_social_icon_3",
        "label": "Icon",
        "info": "100 x 100px .png recommended"
      },
      {
        "type": "text",
        "id": "custom_social_link_3",
        "label": "Link",
        "info": "https://example.com/shopify"
      }
    ]
  },
  {
    "name": "Currency",
    "settings": [
      {
        "type": "header",
        "content": "Country/Region selector",
        "info": "To add a currency, go to your [markets settings.](/admin/settings/markets)"
      },
      {
        "type": "select",
        "id": "currency_select_type",
        "label": "Type",
        "default": "country",
        "options": [
          {
            "value": "country",
            "label": "Country"
          },
          {
            "value": "currency",
            "label": "Currency"
          }
        ]
      },
      {
        "type": "header",
        "content": "Currency codes"
      },
      {
        "type": "paragraph",
        "content": "Note that cart and checkout totals will always show the currency code, and itemized, unit, and installment prices will not."
      },
      {
        "type": "checkbox",
        "id": "currency_code_enable",
        "label": "Show currency codes",
        "default": false
      }
    ]
  },
  {
    "name": "Advanced",
    "settings": [
      {
        "type": "text",
        "id": "exclude_collections_strict",
        "label": "Exclude collections",
        "default": "all, frontpage",
        "info": "Use comma to separate the collections"
      },
      {
        "type": "text",
        "id": "exclude_collections_contain",
        "label": "Exclude collections if they contain",
        "default": "sibling",
        "info": "Use comma to separate the collections"
      }
    ]
  }
]
