{"current":{"color_announcement_bg":"#ab9694","color_announcement_text":"#fcfaf7","color_header_bg":"#fff","color_header_text":"#000000","color_nav_border":"#000000","color_highlight_link":"#000000","color_body_bg":"#ffffff","color_body_text":"#191008","color_primary":"#000000","color_secondary":"#000000","color_bg_light":"#ab9694","color_bg_inverse":"#ffffff","color_text_inverse":"#000000","color_primary_inverse":"#000000","color_secondary_inverse":"#000000","color_bg_accent_inverse":"#000000","color_text_bright":"#000000","default_background":"default--dark","color_footer_bg":"#ab9694","color_footer_text":"#ffffff","color_sub_footer_bg":"#ab9694","color_sub_footer_text":"#000000","high_contrast":true,"font_heading_family":"helvetica_n7","font_body_family":"helvetica_n7","font_accent_family":"helvetica_n4","font_scaling_system":"small","type_nav_font":"heading_normal","type_button_font":"accent_normal","type_kicker_font":"body_bold","font_uppercase_spacing":100,"font_accent_uppercase":true,"font_heading_size":115,"font_body_size":125,"font_accent_size":115,"animations_scroll_enable":false,"animations_hover_enable":true,"parallax_enable":false,"favicon":"shopify:\/\/shop_images\/base_co_favicon.png","collection_text_alignment":"text-center","cycle_images_hover_delay":0.9,"product_grid_image":"crop","swatches_enable":true,"swatches_collection_enable":true,"show_siblings":true,"show_cutline":true,"badge_sale_discount":true,"badge_sellout":true,"color_badge_text":"#191008","product_grid_show_rating":true,"cart_style":"drawer","free_shipping_limit":"150","cart_continue_browsing":"shopify:\/\/collections\/all","social_facebook_link":"https:\/\/www.facebook.com\/basesupplyAU","social_instagram_link":"https:\/\/www.instagram.com\/basesupply","social_pinterest_link":"https:\/\/www.pinterest.com.au\/base_supply\/","custom_social_icon_1":"shopify:\/\/shop_images\/base_co_favicon.png","custom_social_link_1":"enquiries@basesupply.co","currency_code_enable":true,"checkout_logo_image":"shopify:\/\/shop_images\/base-supply-bags-logo.png","checkout_accent_color":"#191008","checkout_button_color":"#191008","sections":{"announcement":{"type":"announcement","blocks":{"announce_text":{"type":"text","settings":{"text":"","target_url_enabled":false,"target_url":"shopify:\/\/collections\/sale","target_referrer_enabled":false,"target_referrer":"","target_device_enabled":false,"target_device":"mobile"}},"announce_shipping":{"type":"message","disabled":true,"settings":{"message":"You're only ||amount|| away from free shipping. Australian customers only.","target_url_enabled":false,"target_url":"","target_referrer_enabled":false,"target_referrer":"","target_device_enabled":true,"target_device":"mobile"}},"4165f42e-6a62-415a-aea0-584d43438a77":{"type":"text","disabled":true,"settings":{"text":"<p><strong>FREE SHIPPING<\/strong> | When you purchase two or more base with code: SHIPFORFREE Available for Australian customers only. <\/p>","target_url_enabled":false,"target_url":"","target_referrer_enabled":false,"target_referrer":"","target_device_enabled":false,"target_device":"mobile"}},"af97a0b8-800a-4085-a054-1c8e2eea5bff":{"type":"text","disabled":true,"settings":{"text":"<p><strong>WE'RE ON VACAY<\/strong> | Our warehouse is closed from <strong>Friday 16th December<\/strong> <strong>-  11th January<\/strong>. All orders will be dispatched when we get back.<\/p>","target_url_enabled":false,"target_url":"","target_referrer_enabled":false,"target_referrer":"","target_device_enabled":false,"target_device":"mobile"}},"da74cbbb-8a77-4990-9ac7-b1ff1e2fde00":{"type":"text","disabled":true,"settings":{"text":"<p><strong>SUMMER SALE ENDS MIDNIGHT SUNDAY 29TH AEST<\/strong> | 30-40% OFF PICNIC AND NYLON<\/p>","target_url_enabled":false,"target_url":"","target_referrer_enabled":false,"target_referrer":"","target_device_enabled":false,"target_device":"mobile"}},"3fb5e648-6fdf-455f-9163-b120809e672c":{"type":"text","settings":{"text":"<p>FREE express shipping on orders $150+ (Aust. customers).<\/p>","target_url_enabled":false,"target_url":"","target_referrer_enabled":false,"target_referrer":"","target_device_enabled":false,"target_device":"mobile"}}},"block_order":["announce_text","announce_shipping","4165f42e-6a62-415a-aea0-584d43438a77","af97a0b8-800a-4085-a054-1c8e2eea5bff","da74cbbb-8a77-4990-9ac7-b1ff1e2fde00","3fb5e648-6fdf-455f-9163-b120809e672c"],"settings":{"text_size":3,"layout":"slider","speed":5}},"header":{"type":"header","blocks":{"17ac5c0d-41b9-44f7-a526-3af6a36a2003":{"type":"image","disabled":true,"settings":{"position":"2","image":"shopify:\/\/shop_images\/image002.jpg","title":"","link_text":"","link":""}}},"block_order":["17ac5c0d-41b9-44f7-a526-3af6a36a2003"],"settings":{"header_style":"menu_center","logo":"shopify:\/\/shop_images\/base-supply-bags-logo.png","logo_max_limit":245,"main_menu_linklist":"basic","full_width":false,"underline_current":true,"enable_search":true,"enable_account":true,"use_icons":true,"header_sticky":"sticky","transparent_home":false,"transparent_collection":false,"transparent_blog":false,"transparent_article":false,"transparent_page":false,"transparent_text_color":"#ffffff"}},"footer":{"type":"footer","blocks":{"text":{"type":"text","disabled":true,"settings":{"title":"Reusable, sturdy and stylish;","text":"<p>Simplifying life while adding style. <\/p><p>That’s what base does.<\/p><p>Designed in Melbourne, Australia.<\/p>","accordion_default":"accordion-is-open"}},"linklist":{"type":"linklist","disabled":true,"settings":{"linklist":"base-service","accordion_default":"accordion-is-open"}},"newsletter":{"type":"newsletter","disabled":true,"settings":{"richtext":"<p>Sign up for information on new releases, offers and ideas on how base fits your everyday.<\/p>"}}},"block_order":["text","linklist","newsletter"],"settings":{}},"popups":{"type":"popups","blocks":{"cookies":{"type":"cookie","disabled":true,"settings":{"show_cookies_popup":true,"text_title":"Warehouse is taking a break!","text_body":"<p>We're on vac-ay, all online orders now placed will be dispatched on Tues 6 Sept.<\/p>","text_accept":"Sure, let's start shopping","text_learn":"","learn_url":"","text_color":"text--neutral","button_color":"btn--neutral","button_style":"btn--soft uppercase","bg":"palette--light bg--neutral","position":"popup--left"}},"newsletter_signup":{"type":"newsletter","disabled":true,"settings":{"title":"Psst...!","text":"<p>Want to be the first to hear about our Sale? Enter your email here!<\/p>","success":"We'll be in touch!","text_color":"text--neutral","bg":"palette--light bg--neutral","position":"popup--right","trigger":"always","target_url_enabled":false,"target_url":"","target_referrer_enabled":false,"target_referrer":"","target_device_enabled":false,"target_device":"mobile"}},"7ce0be30-00ad-477a-a8dc-3a37cbd25bf4":{"type":"text","disabled":true,"settings":{"title":"Warehouse is taking a break!","text":"<p>We're on vac-ay, all online orders now placed will be dispatched on Wednesday 11th January.<\/p>","text_color":"text--neutral","bg":"palette--light bg--neutral","link_text":"Sure, let's start shopping","link":"","button_color":"btn--neutral","button_style":"btn--soft uppercase","position":"popup--center","trigger":"always","target_url_enabled":false,"target_url":"","target_referrer_enabled":false,"target_referrer":"","target_device_enabled":false,"target_device":"mobile"}},"240395a1-a5da-4cb0-a7d0-283c4b7626f7":{"type":"text","disabled":true,"settings":{"title":"FREE SHIPPING ENDS SUNDAY!","text":"<p>Use code: FREESHIP to enjoy free shipping until Sunday 23.10.22 midnight.<\/p>","text_color":"text--neutral","bg":"palette--light bg--neutral","link_text":"GET SHOPPING","link":"shopify:\/\/collections","button_color":"btn--neutral","button_style":"btn--soft uppercase","position":"popup--center","trigger":"always","target_url_enabled":false,"target_url":"","target_referrer_enabled":false,"target_referrer":"","target_device_enabled":false,"target_device":"mobile"}}},"block_order":["cookies","newsletter_signup","7ce0be30-00ad-477a-a8dc-3a37cbd25bf4","240395a1-a5da-4cb0-a7d0-283c4b7626f7"],"settings":{}},"gift-card":{"type":"gift-card","settings":{"logo":"shopify:\/\/shop_images\/base-supply-bags-logo.png","logo_max_limit":270}}},"content_for_index":[],"blocks":{"14060646107696862457":{"type":"shopify:\/\/apps\/judge-me-product-reviews\/blocks\/judgeme_core\/61ccd3b1-a9f2-4160-9fe9-4fec8413e5d8","disabled":false,"settings":{}}}},"presets":{"Clean":{"color_announcement_bg":"#f7f5f4","color_announcement_text":"#424242","color_header_bg":"#ffffff","color_header_text":"#000000","color_nav_border":"#f7f5f4","color_body_bg":"#ffffff","color_body_text":"#424242","color_primary":"#d2815f","color_secondary":"#748cab","color_bg_light":"#f7f5f4","color_bg_inverse":"#424242","color_text_inverse":"#ffffff","color_primary_inverse":"#d2815f","color_secondary_inverse":"#748cab","color_bg_accent_inverse":"#1d1d1d","color_bg_bright":"#d2815f","color_text_bright":"#ffffff","color_primary_bright":"#ff763d","color_secondary_bright":"#3d5aff","color_bg_accent_bright":"#94553a","default_background":"","color_footer_bg":"#424242","color_footer_text":"#ffffff","color_sub_footer_bg":"#1d1d1d","color_sub_footer_text":"#dfdfdf","high_contrast":false,"font_heading_family":"tenor_sans_n4","font_heading_size":100,"font_heading_uppercase":true,"font_accent_family":"harmonia_sans_n4","font_accent_size":100,"font_uppercase_spacing":90,"font_body_family":"harmonia_sans_n4","font_body_size":100,"layout_site_width":1450,"layout_gutter":24,"layout_outer":50,"button_radius":2,"animations_scroll_enable":true,"collection_text_alignment":"text-left","product_grid_image":"crop","product_card_wh_ratio":0.8,"swatches_squares":true,"swatches_collection_enable":true,"badge_sale_discount":true,"color_badge":"#ffffff","color_badge_text":"#424242","product_grid_show_rating":false,"product_grid_show_rating_count":false,"cart_style":"drawer"},"Bright":{"color_announcement_bg":"#2e413d","color_announcement_text":"#fffcf9","color_header_bg":"#ffffff","color_header_text":"#1d2523","color_nav_border":"#f8f0e7","color_body_bg":"#ffffff","color_body_text":"#334641","color_primary":"#d2815f","color_secondary":"#567e73","color_bg_light":"#fcfaf7","color_bg_inverse":"#2e413d","color_text_inverse":"#ffffff","color_primary_inverse":"#ffe5da","color_secondary_inverse":"#dff3fd","color_bg_accent_inverse":"#142b26","color_bg_bright":"#e7caac","color_primary_bright":"#ff4b00","color_secondary_bright":"#3f9f85","color_bg_accent_bright":"#ff4b00","color_footer_bg":"#2e413d","color_footer_text":"#ffffff","color_sub_footer_bg":"#000000","color_sub_footer_text":"#fcfaf7","high_contrast":false,"font_heading_family":"ovo_n4","font_heading_size":100,"font_heading_uppercase":false,"font_body_family":"avenir_next_n4","font_body_size":100,"font_accent_family":"avenir_next_n5","font_accent_size":100,"layout_site_width":1450,"animations_scroll_enable":true,"collection_text_alignment":"text-center","cycle_images_limit":5,"cycle_images_hover_delay":1.5,"product_grid_image":"crop","cart_style":"drawer"},"Dark":{"color_announcement_bg":"#000000","color_announcement_text":"#ffffff","color_header_bg":"#000000","color_header_text":"#f1f1f1","color_nav_border":"#282828","color_body_bg":"#f7f7f7","color_body_text":"#000000","color_primary":"#28a77f","color_secondary":"#18664e","color_bg_light":"#eeeeee","color_bg_inverse":"#151515","color_text_inverse":"#e9e9e9","color_primary_inverse":"#28a77f","color_secondary_inverse":"#78a395","color_bg_accent_inverse":"#000000","color_bg_bright":"#ffffff","color_text_bright":"#28a77f","color_primary_bright":"#18f4af","color_secondary_bright":"#18664e","color_bg_accent_bright":"#18f4af","color_footer_bg":"#040404","color_footer_text":"#fdfdfd","color_sub_footer_bg":"#060606","high_contrast":false,"layout_site_width":1450,"button_radius":0,"parallax_enable":true,"collection_text_alignment":"text-center","cycle_images_limit":5,"cycle_images_hover_delay":1.5,"product_grid_image":"crop","swatches_enable":true,"badge_sale_discount":true,"color_badge":"#ffffff","color_badge_text":"#000000","badge_sale_type":"dollar","cart_style":"drawer","cart_color_bg":"palette--dark bg--invert--accent","font_heading_family":"basic_commercial_n7","font_heading_size":100,"font_heading_uppercase":false,"font_accent_family":"karla_n4","font_accent_size":110,"font_body_family":"basic_commercial_n4","font_body_size":105,"animations_enable":true,"image_autoheight_enable":true,"tag_sellout":false,"tag_sale":false},"Light":{"color_announcement_bg":"#f7f7f7","color_announcement_text":"#656565","color_header_bg":"#ffffff","color_header_text":"#656565","color_nav_border":"#d7d7d7","color_body_bg":"#ffffff","color_body_text":"#656565","color_primary":"#f4a482","color_secondary":"#585e71","color_bg_light":"#f7f7f7","color_bg_inverse":"#2e3438","color_text_inverse":"#ffffff","color_primary_inverse":"#fcd8c8","color_secondary_inverse":"#c6dae5","color_bg_accent_inverse":"#222324","color_bg_bright":"#d2815f","color_text_bright":"#ffffff","color_primary_bright":"#2693cf","color_secondary_bright":"#f4a482","color_bg_accent_bright":"#2693cf","color_footer_bg":"#efefef","color_footer_text":"#393939","color_sub_footer_bg":"#e9e9e9","font_heading_family":"futura_n7","font_heading_size":100,"font_heading_spacing":50,"font_heading_uppercase":true,"font_body_family":"harmonia_sans_n4","font_body_size":100,"font_accent_family":"itc_johnston_n5","font_accent_size":95,"type_nav_bold":false,"button_radius":0,"collection_text_alignment":"text-center","cycle_images_limit":5,"cycle_images_hover_delay":1.5,"animations_scroll_enable":true,"product_grid_image":"crop","product_card_wh_ratio":0.9,"swatches_enable":true,"swatches_collection_enable":false,"badge_sale_discount":true,"cart_style":"drawer","cart_shipping_enable":true,"cart_notes_enable":true}}}