{"type":"footer","name":"Footer","sections":{"footer":{"type":"footer","blocks":{"text":{"type":"text","disabled":true,"settings":{"title":"Reusable, sturdy and stylish;","text":"<p>Simplifying life while adding style. <\/p><p>That’s what base does.<\/p><p>Designed in Melbourne, Australia.<\/p>","accordion_default":"accordion-is-open"}},"linklist":{"type":"linklist","disabled":true,"settings":{"linklist":"base-service","accordion_default":"accordion-is-open"}},"newsletter":{"type":"newsletter","disabled":true,"settings":{"richtext":"<p>Sign up for information on new releases, offers and ideas on how base fits your everyday.<\/p>"}}},"block_order":["text","linklist","newsletter"],"settings":{}},"subfooter":{"type":"subfooter","settings":{"footer_secondary_linklist":"footer"}}},"order":["footer","subfooter"]}