{"sections":{"hero":{"type":"collection-hero","settings":{"text_align":"align--bottom-center","show_title":true,"show_title_below":false,"show_description":true,"show_description_below":false,"show_image":false,"bg_position":"center-center","image_height":"use_screen_one_fifth","overlay_opacity":0,"overlay_color":"#000000","text_color":"text--black"}},"subcollections":{"type":"collection-sub","disabled":true,"settings":{"text_color":"text--white","text_align":"align--middle-center","select_image":"collection","bg_position":"center-center","overlay_opacity":20,"overlay_color":"#000000"}},"main":{"type":"collection","blocks":{"collections":{"type":"collections","disabled":true,"settings":{"title":"Filter"}},"filters":{"type":"filters","disabled":true,"settings":{}}},"block_order":["collections","filters"],"settings":{"product_limit":36,"enable_layout_toggle":false,"collection_sorting":false,"hide_sidebar":false}}},"order":["hero","subcollections","main"]}