{"sections":{"hero":{"type":"section-hero","settings":{"image":"shopify:\/\/shop_images\/240314_Base_Lifestyle_1197_copy.jpg","mobile_image":"shopify:\/\/shop_images\/cloud_takeit_base_ecru_138_a7d0232d-66e3-47ac-aa25-2914e038f6af.jpg","height":"use_image","overlay_opacity":15,"overlay_color":"#191008","text_align":"align--top-center","text_color":"text--black"}},"section_liquid_bWnnMY":{"type":"section-liquid","settings":{"custom_liquid":""}},"165328018555322abb":{"type":"section-collection","disabled":true,"settings":{"title":"Our best sellers","collection":"best-sellers","grid":3,"rows":2,"bg":"palette--light bg--neutral","show_view_all":false}},"1653279705a1f83895":{"type":"section-newsletter","settings":{"title":"all the good stuff","richtext":"<h4>New releases, special offers and ideas on how base fits your everyday! <\/h4>","bg":"palette--light bg--accent"}},"icons":{"type":"section-icons","blocks":{"icons-1":{"type":"icon_block","settings":{"icon_name":"icon-shipment-world","icon_alt":"shopify:\/\/shop_images\/Aussie.png","icon_color":"#191008","title":"Aussie designed and owned","text":"","link_text":"","link_url":""}},"icons-0":{"type":"icon_block","settings":{"icon_name":"icon-thread","icon_alt":"shopify:\/\/shop_images\/Lunch.png","icon_color":"#191008","title":"Practical Meets Seriously Cool","text":"","link_text":"","link_url":""}},"icons-2":{"type":"icon_block","settings":{"icon_name":"icon-email","icon_alt":"shopify:\/\/shop_images\/Tote.png","icon_color":"#191008","title":"Made for your everyday essentials","text":"","link_text":"","link_url":""}}},"block_order":["icons-1","icons-0","icons-2"],"settings":{"title":"","bg":"palette--light bg--neutral","icon_alignment":"icon--left","layout":"grid--stacked","align_text":"text-left"}}},"order":["hero","section_liquid_bWnnMY","165328018555322abb","1653279705a1f83895","icons"]}