{"sections":{"hero":{"type":"section-hero","settings":{"height":"use_screen_one_fifth","overlay_opacity":50,"overlay_color":"#000000","text_align":"align--middle-center","text_color":"text--white"}},"main":{"type":"page","settings":{"kicker":"","show_title":false,"show_content":true,"align_text":"text-left","text_color":"text--neutral","bg":"palette--light bg--neutral","width":"wrapper--narrow"}},"faq":{"type":"section-faq","blocks":{"faq-0":{"type":"text","settings":{"title":"Frequently asked question","content":"<p>Share details about your shipping policies, item returns, or customer service.<\/p>"}},"faq-1":{"type":"text","settings":{"title":"Frequently asked question","content":"<p>Share details about your shipping policies, item returns, or customer service.<\/p>"}},"faq-2":{"type":"text","settings":{"title":"Frequently asked question","content":"<p>Share details about your shipping policies, item returns, or customer service.<\/p>"}}},"block_order":["faq-0","faq-1","faq-2"],"settings":{"title":"Frequently Asked Questions","text_color":"text--neutral","bg":"palette--light bg--neutral","width":"wrapper--narrow"}},"icons":{"type":"section-icons","blocks":{"icons-0":{"type":"icon_block","settings":{"icon_name":"icon-basket-return","icon_color":"#aaaaaa","title":"Free returns","text":"<p>Returns within 30 days receive a full refund.<\/p>"}},"icons-1":{"type":"icon_block","settings":{"icon_name":"icon-shipment-world","icon_color":"#aaaaaa","title":"Worldwide shipping","text":"<p>Ship anywhere, rates available at checkout.<\/p>"}},"icons-2":{"type":"icon_block","settings":{"icon_name":"icon-phone","icon_color":"#aaaaaa","title":"24\/7 support","text":"<p>Call us anytime at 1(800) 555-1234.<\/p>"}}},"block_order":["icons-0","icons-1","icons-2"],"settings":{"title":"","bg":"palette--light bg--accent","icon_alignment":"icon--top","align_text":"text-left"}}},"order":["hero","main","faq","icons"]}