{"sections":{"hero":{"type":"section-hero","settings":{"image":"shopify:\/\/shop_images\/230120_Base_Lifestyle_134_LR.jpg","height":"use_pixels_800","overlay_opacity":0,"overlay_color":"#000000","text_align":"align--middle-center","text_color":"text--white"}},"main":{"type":"page","settings":{"kicker":"ABOUT BASE","show_title":false,"show_content":true,"align_text":"text-left","text_color":"text--neutral","bg":"palette--light bg--neutral","width":"wrapper--narrow"}},"custom-content-1":{"type":"section-custom-content","blocks":{"63ebfe36-2d6d-4c6c-b073-8c6476000b55":{"type":"image","settings":{"image":"shopify:\/\/shop_images\/230120_Base_Lifestyle_143_LR.jpg","overlay_opacity":0,"overlay_color":"#000000","kicker":"","title":"","richtext":"","text_align":"align--middle-center","text_color":"text--white","link_text":"","link":"","button_color":"btn--white","button_style":"btn uppercase"}},"custom-content-1-1":{"type":"text","settings":{"kicker":"Simple, practical and made to fill.","title":"","text":"<p>Established in 2017 Base Supply was born out of an idea to create simple, stylish and effortlessly practical bags for every day.<\/p><p>Something to hold all those daily essentials needed for a life on the go. You know. Your phone, keys, laptop, a change of clothes for the gym.<\/p><p>So the first collection of base bags were developed – a small collection made from neoprene-backed jersey in modern colours.<\/p><p>Since then, Base Supply has continued to redefine the essential, everyday bag.<\/p>","text_columns":1,"align_text":"text-left","button_text":"","button_url":"","button_color":"btn--neutral","button_style":"caps--link","text_color":"text--neutral","bg_color":"#ffffff"}}},"block_order":["63ebfe36-2d6d-4c6c-b073-8c6476000b55","custom-content-1-1"],"settings":{"height":"use_screen_one_half","borders":false}},"custom-content-2":{"type":"section-custom-content","blocks":{"custom-content-2-0":{"type":"text","settings":{"kicker":"Reusable, sturdy and stylish","title":"","text":"<p>Base Supply has taken the concept further with an expanded collection that includes buttery soft pre-washed paper, sturdy premium nylon, durable cotton canvas and cloud-like puffer fabric. Imagined in practical, functional styles in contemporary colours for a modern aesthetic. Together, base has life covered.<\/p>","text_columns":1,"align_text":"text-left","button_text":"","button_url":"","button_color":"btn--neutral","button_style":"caps--link","text_color":"text--neutral","bg_color":"#ffffff"}},"18df901f-5a33-4f7a-b176-8fae55537485":{"type":"image","settings":{"image":"shopify:\/\/shop_images\/cloud_stash_large_base_sand_3.jpg","overlay_opacity":5,"overlay_color":"#000000","kicker":"","title":"","richtext":"","text_align":"align--middle-center","text_color":"text--white","link_text":"","link":"","button_color":"btn--white","button_style":"btn uppercase"}}},"block_order":["custom-content-2-0","18df901f-5a33-4f7a-b176-8fae55537485"],"settings":{"height":"use_screen_one_half","borders":false}},"icons":{"type":"section-icons","blocks":{"icons-0":{"type":"icon_block","settings":{"icon_name":"icon-earth","icon_color":"#aaaaaa","title":"We're Local","text":"<p>Designed in Melbourne, Victoria. Australia<\/p>","link_text":"","link_url":""}},"icons-1":{"type":"icon_block","settings":{"icon_name":"icon-shipment-world","icon_color":"#aaaaaa","title":"FLAT RATE SHIPPING","text":"<p>Shipping to Australia and New Zealand.<\/p>","link_text":"","link_url":""}},"icons-2":{"type":"icon_block","settings":{"icon_name":"icon-phone","icon_color":"#aaaaaa","title":"CUSTOMER SUPPORT","text":"<p>Email our support team with any questions <a href=\"mailto:enquiries@basesupply.co\"><strong>enquiries@basesupply.co<\/strong><\/a><\/p>","link_text":"","link_url":""}}},"block_order":["icons-0","icons-1","icons-2"],"settings":{"title":"","bg":"palette--light bg--accent","icon_alignment":"icon--top","layout":"grid--stacked","align_text":"text-left"}},"165373080356731608":{"type":"section-newsletter","settings":{"title":"","richtext":"<p>Sign up now to get notified about our special offers and new season collections<\/p>","bg":"palette--dark bg--invert"}}},"order":["hero","main","custom-content-1","custom-content-2","icons","165373080356731608"]}