{"sections":{"16532808975a07d38a":{"type":"section-richtext","blocks":{"1653280897bd2d78e8-0":{"type":"kicker","settings":{"kicker":"<p>Contact us<\/p>","enable_line":true,"text_size":3}},"1653280897bd2d78e8-1":{"type":"heading","settings":{"heading":"","text_size":8}},"1653280897bd2d78e8-2":{"type":"text","settings":{"text":"<p>We’ve made it simple to get in touch. Just fill out the form below and we’ll get back to you.<\/p><p>If you like to be direct, contact <a href=\"mailto:enquiries@basesupply.co\"><strong>enquiries@basesupply.co<\/strong><\/a> for all feedback, questions, collaboration enquiries and media requests.<\/p><p>And <a href=\"mailto:stockus@basesupply.co\"><strong>stockus@basesupply.co<\/strong><\/a> if you’d like to become a stockist. We’d love to hear from you.<\/p><p>Show us how you use your base in your everyday by tagging us in your posts <a href=\"https:\/\/preprod.instagram.com\/basesupply\/\"><strong>@basesupply <\/strong><\/a> #base #madetofill #basesupply<\/p><p>For information on new products, offers and more, join the base tribe <a href=\"https:\/\/basesupply.co\/base-tribe-sign-up\"><strong>here<\/strong><\/a>.<\/p>","text_size":4,"text_columns":1}},"1653280897bd2d78e8-3":{"type":"button","disabled":true,"settings":{}}},"block_order":["1653280897bd2d78e8-0","1653280897bd2d78e8-1","1653280897bd2d78e8-2","1653280897bd2d78e8-3"],"settings":{"align_text":"text-left","bg":"palette--dark bg--invert","width":"wrapper"}},"hero":{"type":"section-hero","disabled":true,"settings":{"image":"shopify:\/\/shop_images\/Neoprene-Bags-Geelong-web.jpg","height":"use_screen_full","overlay_opacity":50,"overlay_color":"#000000","text_align":"align--middle-left","text_color":"text--white"}},"main":{"type":"page","disabled":true,"settings":{"kicker":"","show_title":false,"show_content":true,"align_text":"text-left","text_color":"text--neutral","bg":"palette--light bg--neutral","width":"wrapper--narrow"}},"contact":{"type":"section-contact","blocks":{"name":{"type":"text","settings":{"title":"Full Name"}},"email":{"type":"email","settings":{"title":"Email"}},"message":{"type":"body","settings":{"title":"Message"}}},"block_order":["name","email","message"],"settings":{"title":"Contact us","align_text":"text-left","text_color":"text--neutral","bg":"palette--light bg--neutral","width":"wrapper--narrow"}},"faq":{"type":"section-faq","blocks":{"faq-0":{"type":"text","settings":{"title":"how do I care for my neoprene bag?","content":"<p>Neoprene is a sturdy fabric that can stand up to general wear and tear. To prolong your neoprene bag make sure you avoid contact with rough surfaces, sharp objects and grease or oil.<\/p><p> <\/p><p>We recommend storing your neoprene bags flat when not in use. Make sure it’s not pressed against anything pointed or sharp to avoid damaging the bag. If you do get pressure spots, these will usually disappear if you hang your bag or lay it out flat. Creases can be removed by hanging your bag up overnight and gently pulling the fabric back into shape<\/p>"}},"faq-1":{"type":"text","settings":{"title":"I'm interested in becoming a stockist","content":"<p>Sure, just email us at <a href=\"mailto:stockus@basesupply.co\"><strong>stockus@basesupply.co<\/strong><\/a> to start discussions.<\/p>"}}},"block_order":["faq-0","faq-1"],"disabled":true,"settings":{"title":"","text_size":1,"text_color":"text--neutral","bg":"palette--light bg--neutral","width":"wrapper--narrow"}}},"order":["16532808975a07d38a","hero","main","contact","faq"]}