{"sections":{"main":{"type":"product","blocks":{"title":{"type":"title","settings":{"show_rating":false,"show_rating_count":false}},"pickup":{"type":"pickup","disabled":true,"settings":{}},"description":{"type":"description","settings":{"style":"accordions","enable_description":true,"read_more":true,"icon_description":"","title_1":"Measurements","icon_name_1":"icon-ruler","raw_content_1":"<p>{{ product.metafields.custom.measurements_vertical | metafield_tag }}<\/p>","title_2":"Material","icon_name_2":"icon-sewing-machine","raw_content_2":"<p>{{ product.metafields.my_fields.material.value }}<\/p>","title_3":"Care Guide","icon_name_3":"icon-washer","raw_content_3":"<p>{{ product.metafields.descriptors.care_guide | metafield_tag }}<\/p>","title_4":"","icon_name_4":"","raw_content_4":"","title_5":"","icon_name_5":"","raw_content_5":""}},"sharing":{"type":"sharing","disabled":true,"settings":{}},"3d56ac87-6808-4e26-a884-a75fa2024fb5":{"type":"upsell","settings":{"product":"{{ product.metafields.theme.upsell_product.value }}"}}},"block_order":["title","pickup","description","sharing","3d56ac87-6808-4e26-a884-a75fa2024fb5"],"settings":{"image_width":"wide","align":"left","bg":"palette--light bg--neutral","enable_video_looping":true,"zoom_enable":true}},"image-with-text":{"type":"section-double","blocks":{"image":{"type":"image","settings":{"overlay_opacity":15,"overlay_color":"#000000","kicker":"","title":"","richtext":"","text_align":"align--middle-center","text_color":"text--white","link_text":"","link":"","button_color":"btn--white","button_style":"btn uppercase"}},"text":{"type":"text","settings":{"kicker":"Image with text","title":"","text":"<p>Use this text to share information about your brand with your customers. Describe a product, share announcements, or welcome customers to your store.<\/p>","text_columns":1,"align_text":"text-left","button_text":"","button_url":"","button_color":"btn--neutral","button_style":"caps--link","text_color":"text--neutral","bg_color":"#ffffff"}}},"block_order":["image","text"],"disabled":true,"settings":{"height":"use_screen_one_half","borders":false}},"reviews":{"type":"reviews","settings":{"product_reviews_enable":false,"bg":"palette--light bg--accent"}},"related":{"type":"related","disabled":true,"settings":{"heading":"","bg":"palette--dark bg--invert--accent","related_products_enable":true,"limit":6,"product_recommendations_heading":"Related products","show_recently_viewed":true,"product_recently_limit":6,"product_recently_minimum":4,"product_recently_heading":"Recently viewed"}}},"order":["main","image-with-text","reviews","related"]}